strategy,macro_f1,accuracy
Baseline,0.9614364218197715,0.9811389191149801
Balance_r1,0.8357897647988262,0.8984403336960465
Balance_r2,0.8946390314589506,0.9078708741385564
