feature,importance
MAX_INTENSITY_CH1,0.2747329258788921
POSITION_Y,0.20722450637892317
POSITION_X,0.04830265401057976
MIN_INTENSITY_CH1,0.04740102002718387
MEDIAN_INTENSITY_CH1,0.04005637612249108
CONTRAST_CH1,0.026755106018728037
SNR_CH1,0.02313571916583528
STD_INTENSITY_CH1,0.019710487953806942
QUALITY,0.0029855040412176347
TOTAL_INTENSITY_CH1,0.0018459562289958376
ELLIPSE_MAJOR,0.0015835807296467053
MEAN_INTENSITY_CH1,0.0004959490903265973
