Model,AIC,Deviance,Obs
Poisson (cluster-SE),34730.81957116675,32670.973508014114,312
NegBin (cluster-SE),3805.4208858271777,215.23045268609565,312
