model,oversampling_f1,downsampling_f1,downsampling_std,improvement,status
LR,0.457,0.5187252854120855,0.17993833704321888,0.061725285412085495,BETTER
RF,0.42,0.4459293944131323,0.35702735872014796,0.0259293944131323,BETTER
XGB-OVR,0.441,0.4211601018438735,0.2619407874801406,-0.019839898156126523,WORSE
